"/ALIAS2/s=SFR PCS.""Calc.Cdiss""","/ALIAS2/s=SFR PCS.""Calc.Cdiss""_1"
"/ALIAS2/s=SFR PCS.""Calc.CpAve""","/ALIAS2/s=SFR PCS.""Calc.CpAve"""
"/ALIAS2/s=SFR PCS.""Calc.FlameTemp""","/ALIAS2/s=SFR PCS.""Calc.FlameTemp"""
"/ALIAS2/s=SFR PCS.""Calc.Qr""","/ALIAS2/s=SFR PCS.""Calc.Qr"""
"/ALIAS2/s=SFR PCS.AIT-111","/ALIAS2/s=SFR PCS.AIT-111"
"/ALIAS2/s=SFR PCS.AIT-112","/ALIAS2/s=SFR PCS.AIT-112"
"/ALIAS2/s=SFR PCS.AIT-113","/ALIAS2/s=SFR PCS.AIT-113"
"/ALIAS2/s=SFR PCS.AIT-114","/ALIAS2/s=SFR PCS.AIT-114"
"/ALIAS2/s=SFR PCS.FIC-1104","/ALIAS2/s=SFR PCS.FIC-1104"
"/ALIAS2/s=SFR PCS.FIC-1204","/ALIAS2/s=SFR PCS.FIC-1204"
"/ALIAS2/s=SFR PCS.FIC-1304","/ALIAS2/s=SFR PCS.FIC-1304"
"/ALIAS2/s=SFR PCS.FIC-1412","/ALIAS2/s=SFR PCS.FIC-1412"
"/ALIAS2/s=SFR PCS.FIC-1504","/ALIAS2/s=SFR PCS.FIC-1504"
"/ALIAS2/s=SFR PCS.FT-1104","/ALIAS2/s=SFR PCS.FT-1104"
"/ALIAS2/s=SFR PCS.FT-1108","/ALIAS2/s=SFR PCS.FT-1108"
"/ALIAS2/s=SFR PCS.FT-1204","/ALIAS2/s=SFR PCS.FT-1204"
"/ALIAS2/s=SFR PCS.FT-1304","/ALIAS2/s=SFR PCS.FT-1304"
"/ALIAS2/s=SFR PCS.FT-1313","/ALIAS2/s=SFR PCS.FT-1313"
"/ALIAS2/s=SFR PCS.FT-1412","/ALIAS2/s=SFR PCS.FT-1412"
"/ALIAS2/s=SFR PCS.FT-1504","/ALIAS2/s=SFR PCS.FT-1504"
"/ALIAS2/s=SFR PCS.FT-1611","/ALIAS2/s=SFR PCS.FT-1611"
"/ALIAS2/s=SFR PCS.IT-4205A","/ALIAS2/s=SFR PCS.IT-4205A"
"/ALIAS2/s=SFR PCS.IT-4205B","/ALIAS2/s=SFR PCS.IT-4205B"
"/ALIAS2/s=SFR PCS.IT-4205C","/ALIAS2/s=SFR PCS.IT-4205C"
"/ALIAS2/s=SFR PCS.PCV-4318","/ALIAS2/s=SFR PCS.PCV-4318"
"/ALIAS2/s=SFR PCS.PT-1102","/ALIAS2/s=SFR PCS.PT-1102"
"/ALIAS2/s=SFR PCS.PT-1109","/ALIAS2/s=SFR PCS.PT-1109"
"/ALIAS2/s=SFR PCS.PT-1210","/ALIAS2/s=SFR PCS.PT-1210"
"/ALIAS2/s=SFR PCS.PT-1302","/ALIAS2/s=SFR PCS.PT-1302"
"/ALIAS2/s=SFR PCS.PT-1311","/ALIAS2/s=SFR PCS.PT-1311"
"/ALIAS2/s=SFR PCS.PT-1312","/ALIAS2/s=SFR PCS.PT-1312"
"/ALIAS2/s=SFR PCS.PT-1402","/ALIAS2/s=SFR PCS.PT-1402"
"/ALIAS2/s=SFR PCS.PT-1509","/ALIAS2/s=SFR PCS.PT-1509"
"/ALIAS2/s=SFR PCS.PT-4303","/ALIAS2/s=SFR PCS.PT-4303"
"/ALIAS2/s=SFR PCS.PT-4306","/ALIAS2/s=SFR PCS.PT-4306"
"/ALIAS2/s=SFR PCS.PT-4310","/ALIAS2/s=SFR PCS.PT-4310"
"/ALIAS2/s=SFR PCS.PT-4316","/ALIAS2/s=SFR PCS.PT-4316"
"/ALIAS2/s=SFR PCS.PT-4323","/ALIAS2/s=SFR PCS.PT-4323"
"/ALIAS2/s=SFR PCS.PT-4324","/ALIAS2/s=SFR PCS.PT-4324"
"/ALIAS2/s=SFR PCS.PT-4616","/ALIAS2/s=SFR PCS.PT-4616"
"/ALIAS2/s=SFR PCS.SI-1622","/ALIAS2/s=SFR PCS.SI-1622"
"/ALIAS2/s=SFR PCS.SI-4205A","/ALIAS2/s=SFR PCS.SI-4205A"
"/ALIAS2/s=SFR PCS.TE-1604","/ALIAS2/s=SFR PCS.TE-1604"
"/ALIAS2/s=SFR PCS.TE-4205","/ALIAS2/s=SFR PCS.TE-4205"
"/ALIAS2/s=SFR PCS.TE-4301","/ALIAS2/s=SFR PCS.TE-4301"
"/ALIAS2/s=SFR PCS.TE-4314","/ALIAS2/s=SFR PCS.TE-4314"
"/ALIAS2/s=SFR PCS.TE-4320","/ALIAS2/s=SFR PCS.TE-4320"
"/ALIAS2/s=SFR PCS.TE-4321","/ALIAS2/s=SFR PCS.TE-4321"
"/ALIAS2/s=SFR PCS.TE-4322","/ALIAS2/s=SFR PCS.TE-4322"
"/ALIAS2/s=SFR PCS.TE-4323","/ALIAS2/s=SFR PCS.TE-4323"
"/ALIAS2/s=SFR PCS.TE-4330","/ALIAS2/s=SFR PCS.TE-4330"
"/ALIAS2/s=SFR PCS.TE-4331","/ALIAS2/s=SFR PCS.TE-4331"
"/ALIAS2/s=SFR PCS.TE-4332","/ALIAS2/s=SFR PCS.TE-4332"
"/ALIAS2/s=SFR PCS.TE-4333","/ALIAS2/s=SFR PCS.TE-4333"
"/ALIAS2/s=SFR PCS.TE-4334","/ALIAS2/s=SFR PCS.TE-4334"
"/ALIAS2/s=SFR PCS.TE-4335","/ALIAS2/s=SFR PCS.TE-4335"
"/ALIAS2/s=SFR PCS.TE-4336","/ALIAS2/s=SFR PCS.TE-4336"
"/ALIAS2/s=SFR PCS.TE-4337","/ALIAS2/s=SFR PCS.TE-4337"
"/ALIAS2/s=SFR PCS.TT-4305","/ALIAS2/s=SFR PCS.TT-4305"
"/ALIAS2/s=SFR PCS.TT-4307","/ALIAS2/s=SFR PCS.TT-4307"
"/ALIAS2/s=SFR PCS.TT-4311","/ALIAS2/s=SFR PCS.TT-4311"
"/ALIAS2/s=SFR PCS.TT-4338","/ALIAS2/s=SFR PCS.TT-4338"
"/ALIAS2/s=SFR PCS.TT-4339","/ALIAS2/s=SFR PCS.TT-4339"
"/ALIAS2/s=SFR PCS.UV-3104","/ALIAS2/s=SFR PCS.UV-3104"
"/ALIAS2/s=SFR PCS.XI-1120D","/ALIAS2/s=SFR PCS.XI-1120D"
"/ALIAS2/s=SFR PCS.XI-2150","/ALIAS2/s=SFR PCS.XI-2150"
"/ALIAS2/s=SFR PCS.XI-4205A","/ALIAS2/s=SFR PCS.XI-4205A"
"/ALIAS2/s=SFR PCS.XI-4205B","/ALIAS2/s=SFR PCS.XI-4205B"
"/ALIAS2/s=SFR PCS.XI-4205C","/ALIAS2/s=SFR PCS.XI-4205C"
"/ALIAS2/s=SFR PCS.XI-4205D","/ALIAS2/s=SFR PCS.XI-4205D"
"/ALIAS2/s=SFR PCS.XI-4205E","/ALIAS2/s=SFR PCS.XI-4205E"
"/ALIAS2/s=SFR PCS.XI-4205F","/ALIAS2/s=SFR PCS.XI-4205F"
"/ALIAS2/s=SFR PCS.XI-4812","/ALIAS2/s=SFR PCS.XI-4812"
"/ALIAS2/s=SFR PCS.XS-1622","/ALIAS2/s=SFR PCS.XS-1622"
"/ALIAS2/s=SFR PCS.XS-1642","/ALIAS2/s=SFR PCS.XS-1642"
"/ALIAS2/s=SFR PCS.XS-2150","/ALIAS2/s=SFR PCS.XS-2150"
"/ALIAS2/s=SFR PCS.XS-3103","/ALIAS2/s=SFR PCS.XS-3103"
"/ALIAS2/s=SFR PCS.XS-3103B","/ALIAS2/s=SFR PCS.XS-3103B"
"/ALIAS2/s=SFR PCS.XS-4205A","/ALIAS2/s=SFR PCS.XS-4205A"
"/ALIAS2/s=SFR PCS.XS-4205B","/ALIAS2/s=SFR PCS.XS-4205B"
"/ALIAS2/s=SFR PCS.XS-4205C","/ALIAS2/s=SFR PCS.XS-4205C"
"/ALIAS2/s=SFR PCS.XS-4811","/ALIAS2/s=SFR PCS.XS-4811"
"/ALIAS2/s=SFR PCS.XS-4812","/ALIAS2/s=SFR PCS.XS-4812"
"/ALIAS2/s=SFR PCS.XV-1105","/ALIAS2/s=SFR PCS.XV-1105"
"/ALIAS2/s=SFR PCS.XV-1106","/ALIAS2/s=SFR PCS.XV-1106"
"/ALIAS2/s=SFR PCS.XV-1107","/ALIAS2/s=SFR PCS.XV-1107"
"/ALIAS2/s=SFR PCS.XV-1205","/ALIAS2/s=SFR PCS.XV-1205"
"/ALIAS2/s=SFR PCS.XV-1206","/ALIAS2/s=SFR PCS.XV-1206"
"/ALIAS2/s=SFR PCS.XV-1207","/ALIAS2/s=SFR PCS.XV-1207"
"/ALIAS2/s=SFR PCS.XV-1305","/ALIAS2/s=SFR PCS.XV-1305"
"/ALIAS2/s=SFR PCS.XV-1306","/ALIAS2/s=SFR PCS.XV-1306"
"/ALIAS2/s=SFR PCS.XV-1307","/ALIAS2/s=SFR PCS.XV-1307"
"/ALIAS2/s=SFR PCS.XV-1404","/ALIAS2/s=SFR PCS.XV-1404"
"/ALIAS2/s=SFR PCS.XV-1405","/ALIAS2/s=SFR PCS.XV-1405"
"/ALIAS2/s=SFR PCS.XV-1506","/ALIAS2/s=SFR PCS.XV-1506"
"/ALIAS2/s=SFR PCS.XV-2102","/ALIAS2/s=SFR PCS.XV-2102"
"/ALIAS2/s=SFR PCS.XV-4317","/ALIAS2/s=SFR PCS.XV-4317"
"/ALIAS2/s=SFR PCS.XV-4323","/ALIAS2/s=SFR PCS.XV-4323"
"/ALIAS2/s=SFR PCS.XV-4324","/ALIAS2/s=SFR PCS.XV-4324"
"/ALIAS2/s=SFR PCS.XV-4600","/ALIAS2/s=SFR PCS.XV-4600"
"/ALIAS2/s=SFR PCS.ZSC-1105","/ALIAS2/s=SFR PCS.ZSC-1105"
"/ALIAS2/s=SFR PCS.ZSC-1106","/ALIAS2/s=SFR PCS.ZSC-1106"
"/ALIAS2/s=SFR PCS.ZSC-1107","/ALIAS2/s=SFR PCS.ZSC-1107"
"/ALIAS2/s=SFR PCS.ZSC-1205","/ALIAS2/s=SFR PCS.ZSC-1205"
"/ALIAS2/s=SFR PCS.ZSC-1206","/ALIAS2/s=SFR PCS.ZSC-1206"
"/ALIAS2/s=SFR PCS.ZSC-1207","/ALIAS2/s=SFR PCS.ZSC-1207"
"/ALIAS2/s=SFR PCS.ZSC-1305","/ALIAS2/s=SFR PCS.ZSC-1305"
"/ALIAS2/s=SFR PCS.ZSC-1306","/ALIAS2/s=SFR PCS.ZSC-1306"
"/ALIAS2/s=SFR PCS.ZSC-1307","/ALIAS2/s=SFR PCS.ZSC-1307"
"/ALIAS2/s=SFR PCS.ZSC-1404","/ALIAS2/s=SFR PCS.ZSC-1404"
"/ALIAS2/s=SFR PCS.ZSC-1405","/ALIAS2/s=SFR PCS.ZSC-1405"
"/ALIAS2/s=SFR PCS.ZSC-1506","/ALIAS2/s=SFR PCS.ZSC-1506"
"/ALIAS2/s=SFR PCS.ZSC-2102","/ALIAS2/s=SFR PCS.ZSC-2102"
"/ALIAS2/s=SFR PCS.ZSC-4317","/ALIAS2/s=SFR PCS.ZSC-4317"
"/ALIAS2/s=SFR PCS.ZSC-4323","/ALIAS2/s=SFR PCS.ZSC-4323"
"/ALIAS2/s=SFR PCS.ZSC-4324","/ALIAS2/s=SFR PCS.ZSC-4324"
"/ALIAS2/s=SFR PCS.ZSC-4600","/ALIAS2/s=SFR PCS.ZSC-4600"
"/ALIAS2/s=SFR PCS.ZSO-1105","/ALIAS2/s=SFR PCS.ZSO-1105"
"/ALIAS2/s=SFR PCS.ZSO-1106","/ALIAS2/s=SFR PCS.ZSO-1106"
"/ALIAS2/s=SFR PCS.ZSO-1107","/ALIAS2/s=SFR PCS.ZSO-1107"
"/ALIAS2/s=SFR PCS.ZSO-1205","/ALIAS2/s=SFR PCS.ZSO-1205"
"/ALIAS2/s=SFR PCS.ZSO-1206","/ALIAS2/s=SFR PCS.ZSO-1206"
"/ALIAS2/s=SFR PCS.ZSO-1207","/ALIAS2/s=SFR PCS.ZSO-1207"
"/ALIAS2/s=SFR PCS.ZSO-1305","/ALIAS2/s=SFR PCS.ZSO-1305"
"/ALIAS2/s=SFR PCS.ZSO-1306","/ALIAS2/s=SFR PCS.ZSO-1306"
"/ALIAS2/s=SFR PCS.ZSO-1307","/ALIAS2/s=SFR PCS.ZSO-1307"
"/ALIAS2/s=SFR PCS.ZSO-1404","/ALIAS2/s=SFR PCS.ZSO-1404"
"/ALIAS2/s=SFR PCS.ZSO-1405","/ALIAS2/s=SFR PCS.ZSO-1405"
"/ALIAS2/s=SFR PCS.ZSO-1506","/ALIAS2/s=SFR PCS.ZSO-1506"
"/ALIAS2/s=SFR PCS.ZSO-2102","/ALIAS2/s=SFR PCS.ZSO-2102"
"/ALIAS2/s=SFR PCS.ZSO-4317","/ALIAS2/s=SFR PCS.ZSO-4317"
"/ALIAS2/s=SFR PCS.ZSO-4323","/ALIAS2/s=SFR PCS.ZSO-4323"
"/ALIAS2/s=SFR PCS.ZSO-4324","/ALIAS2/s=SFR PCS.ZSO-4324"
"/ALIAS2/s=SFR PCS.ZSO-4600","/ALIAS2/s=SFR PCS.ZSO-4600"
