"/ALIAS2/s=Gen2_PCS.AI-2211A","/ALIAS2/s=Gen2_PCS.AI-2211A"
"/ALIAS2/s=Gen2_PCS.ZSS-2211","/ALIAS2/s=Gen2_PCS.ZSS-2211"
"/ALIAS2/s=Gen2_PCS.AI-2211B","/ALIAS2/s=Gen2_PCS.AI-2211B"
"/ALIAS2/s=Gen2_PCS.AI-2211C","/ALIAS2/s=Gen2_PCS.AI-2211C"
"/ALIAS2/s=Gen2_PCS.AI-2211D","/ALIAS2/s=Gen2_PCS.AI-2211D"
"/ALIAS2/s=Gen2_PCS.AI-2400A","/ALIAS2/s=Gen2_PCS.AI-2400A"
"/ALIAS2/s=Gen2_PCS.AI-2400B","/ALIAS2/s=Gen2_PCS.AI-2400B"
"/ALIAS2/s=Gen2_PCS.AI-2400C","/ALIAS2/s=Gen2_PCS.AI-2400C"
"/ALIAS2/s=Gen2_PCS.AI-2400D","/ALIAS2/s=Gen2_PCS.AI-2400D"
"/ALIAS2/s=Gen2_PCS.AI-3320A","/ALIAS2/s=Gen2_PCS.AI-3320A"
"/ALIAS2/s=Gen2_PCS.AI-3320B","/ALIAS2/s=Gen2_PCS.AI-3320B"
"/ALIAS2/s=Gen2_PCS.AI-4961","/ALIAS2/s=Gen2_PCS.AI-4961"
"/ALIAS2/s=Gen2_PCS.AI-4962","/ALIAS2/s=Gen2_PCS.AI-4962"
"/ALIAS2/s=Gen2_PCS.AI-4963","/ALIAS2/s=Gen2_PCS.AI-4963"
"/ALIAS2/s=Gen2_PCS.AI-4964","/ALIAS2/s=Gen2_PCS.AI-4964"
"/ALIAS2/s=Gen2_PCS.AI-4965","/ALIAS2/s=Gen2_PCS.AI-4965"
"/ALIAS2/s=Gen2_PCS.AI-4966","/ALIAS2/s=Gen2_PCS.AI-4966"
"/ALIAS2/s=Gen2_PCS.AI-4967","/ALIAS2/s=Gen2_PCS.AI-4967"
"/ALIAS2/s=Gen2_PCS.AI-4968","/ALIAS2/s=Gen2_PCS.AI-4968"
"/ALIAS2/s=Gen2_PCS.BE-4307","/ALIAS2/s=Gen2_PCS.BE-4307"
"/ALIAS2/s=Gen2_PCS.FCV-1115","/ALIAS2/s=Gen2_PCS.FCV-1115"
"/ALIAS2/s=Gen2_PCS.FCV-1215","/ALIAS2/s=Gen2_PCS.FCV-1215"
"/ALIAS2/s=Gen2_PCS.FCV-1508","/ALIAS2/s=Gen2_PCS.FCV-1508"
"/ALIAS2/s=Gen2_PCS.FCV-2222","/ALIAS2/s=Gen2_PCS.FCV-2222"
"/ALIAS2/s=Gen2_PCS.FI-1115","/ALIAS2/s=Gen2_PCS.FI-1115"
"/ALIAS2/s=Gen2_PCS.FI-1215","/ALIAS2/s=Gen2_PCS.FI-1215"
"/ALIAS2/s=Gen2_PCS.FI-1449","/ALIAS2/s=Gen2_PCS.FI-1449"
"/ALIAS2/s=Gen2_PCS.FI-1508","/ALIAS2/s=Gen2_PCS.FI-1508"
"/ALIAS2/s=Gen2_PCS.FI-1618","/ALIAS2/s=Gen2_PCS.FI-1618"
"/ALIAS2/s=Gen2_PCS.FI-1655","/ALIAS2/s=Gen2_PCS.FI-1655"
"/ALIAS2/s=Gen2_PCS.FI-2113","/ALIAS2/s=Gen2_PCS.FI-2113"
"/ALIAS2/s=Gen2_PCS.FI-2223","/ALIAS2/s=Gen2_PCS.FI-2223"
"/ALIAS2/s=Gen2_PCS.FI-2488","/ALIAS2/s=Gen2_PCS.FI-2488"
"/ALIAS2/s=Gen2_PCS.FI-4520","/ALIAS2/s=Gen2_PCS.FI-4520"
"/ALIAS2/s=Gen2_PCS.FSL-4335","/ALIAS2/s=Gen2_PCS.FSL-4335"
"/ALIAS2/s=Gen2_PCS.JC-4211","/ALIAS2/s=Gen2_PCS.JC-4211"
"/ALIAS2/s=Gen2_PCS.JC-4212A","/ALIAS2/s=Gen2_PCS.JC-4212A"
"/ALIAS2/s=Gen2_PCS.JC-4212B","/ALIAS2/s=Gen2_PCS.JC-4212B"
"/ALIAS2/s=Gen2_PCS.LCV-4510","/ALIAS2/s=Gen2_PCS.LCV-4510"
"/ALIAS2/s=Gen2_PCS.LI-1487","/ALIAS2/s=Gen2_PCS.LI-1487"
"/ALIAS2/s=Gen2_PCS.LI-1488","/ALIAS2/s=Gen2_PCS.LI-1488"
"/ALIAS2/s=Gen2_PCS.LI-1646","/ALIAS2/s=Gen2_PCS.LI-1646"
"/ALIAS2/s=Gen2_PCS.LI-2203","/ALIAS2/s=Gen2_PCS.LI-2203"
"/ALIAS2/s=Gen2_PCS.LI-4510","/ALIAS2/s=Gen2_PCS.LI-4510"
"/ALIAS2/s=Gen2_PCS.LI-4512","/ALIAS2/s=Gen2_PCS.LI-4512"
"/ALIAS2/s=Gen2_PCS.LI-4516","/ALIAS2/s=Gen2_PCS.LI-4516"
"/ALIAS2/s=Gen2_PCS.LSHH-1647","/ALIAS2/s=Gen2_PCS.LSHH-1647"
"/ALIAS2/s=Gen2_PCS.LSHH-1665","/ALIAS2/s=Gen2_PCS.LSHH-1665"
"/ALIAS2/s=Gen2_PCS.LSHH-2125","/ALIAS2/s=Gen2_PCS.LSHH-2125"
"/ALIAS2/s=Gen2_PCS.LSHH-2206","/ALIAS2/s=Gen2_PCS.LSHH-2206"
"/ALIAS2/s=Gen2_PCS.LSHH-4500A","/ALIAS2/s=Gen2_PCS.LSHH-4500A"
"/ALIAS2/s=Gen2_PCS.LSHH-4510A","/ALIAS2/s=Gen2_PCS.LSHH-4510A"
"/ALIAS2/s=Gen2_PCS.LSHH-4513","/ALIAS2/s=Gen2_PCS.LSHH-4513"
"/ALIAS2/s=Gen2_PCS.LSHH-4517","/ALIAS2/s=Gen2_PCS.LSHH-4517"
"/ALIAS2/s=Gen2_PCS.LSLL-1648","/ALIAS2/s=Gen2_PCS.LSLL-1648"
"/ALIAS2/s=Gen2_PCS.LSLL-1664","/ALIAS2/s=Gen2_PCS.LSLL-1664"
"/ALIAS2/s=Gen2_PCS.LSLL-4510B","/ALIAS2/s=Gen2_PCS.LSLL-4510B"
"/ALIAS2/s=Gen2_PCS.LSLL-4514","/ALIAS2/s=Gen2_PCS.LSLL-4514"
"/ALIAS2/s=Gen2_PCS.LSLL-4518","/ALIAS2/s=Gen2_PCS.LSLL-4518"
"/ALIAS2/s=Gen2_PCS.MOV-2211","/ALIAS2/s=Gen2_PCS.MOV-2211"
"/ALIAS2/s=Gen2_PCS.PCV-2110","/ALIAS2/s=Gen2_PCS.PCV-2110"
"/ALIAS2/s=Gen2_PCS.PCV-2204","/ALIAS2/s=Gen2_PCS.PCV-2204"
"/ALIAS2/s=Gen2_PCS.PDI-2106","/ALIAS2/s=Gen2_PCS.PDI-2106"
"/ALIAS2/s=Gen2_PCS.PDI-2512","/ALIAS2/s=Gen2_PCS.PDI-2512"
"/ALIAS2/s=Gen2_PCS.PDI-4500A","/ALIAS2/s=Gen2_PCS.PDI-4500A"
"/ALIAS2/s=Gen2_PCS.PDI-4551","/ALIAS2/s=Gen2_PCS.PDI-4551"
"/ALIAS2/s=Gen2_PCS.PI-1115","/ALIAS2/s=Gen2_PCS.PI-1115"
"/ALIAS2/s=Gen2_PCS.PI-1119","/ALIAS2/s=Gen2_PCS.PI-1119"
"/ALIAS2/s=Gen2_PCS.PI-1120","/ALIAS2/s=Gen2_PCS.PI-1120"
"/ALIAS2/s=Gen2_PCS.PI-1122","/ALIAS2/s=Gen2_PCS.PI-1122"
"/ALIAS2/s=Gen2_PCS.PI-1215","/ALIAS2/s=Gen2_PCS.PI-1215"
"/ALIAS2/s=Gen2_PCS.PI-1222","/ALIAS2/s=Gen2_PCS.PI-1222"
"/ALIAS2/s=Gen2_PCS.PI-1233","/ALIAS2/s=Gen2_PCS.PI-1233"
"/ALIAS2/s=Gen2_PCS.PI-1415","/ALIAS2/s=Gen2_PCS.PI-1415"
"/ALIAS2/s=Gen2_PCS.PI-1433","/ALIAS2/s=Gen2_PCS.PI-1433"
"/ALIAS2/s=Gen2_PCS.PI-1451","/ALIAS2/s=Gen2_PCS.PI-1451"
"/ALIAS2/s=Gen2_PCS.PI-1471","/ALIAS2/s=Gen2_PCS.PI-1471"
"/ALIAS2/s=Gen2_PCS.PI-1474","/ALIAS2/s=Gen2_PCS.PI-1474"
"/ALIAS2/s=Gen2_PCS.PI-1476","/ALIAS2/s=Gen2_PCS.PI-1476"
"/ALIAS2/s=Gen2_PCS.PI-1479","/ALIAS2/s=Gen2_PCS.PI-1479"
"/ALIAS2/s=Gen2_PCS.PI-1507","/ALIAS2/s=Gen2_PCS.PI-1507"
"/ALIAS2/s=Gen2_PCS.PI-1509","/ALIAS2/s=Gen2_PCS.PI-1509"
"/ALIAS2/s=Gen2_PCS.PI-1512","/ALIAS2/s=Gen2_PCS.PI-1512"
"/ALIAS2/s=Gen2_PCS.PI-1514A","/ALIAS2/s=Gen2_PCS.PI-1514A"
"/ALIAS2/s=Gen2_PCS.PI-1572","/ALIAS2/s=Gen2_PCS.PI-1572"
"/ALIAS2/s=Gen2_PCS.PI-1577","/ALIAS2/s=Gen2_PCS.PI-1577"
"/ALIAS2/s=Gen2_PCS.PI-1611","/ALIAS2/s=Gen2_PCS.PI-1611"
"/ALIAS2/s=Gen2_PCS.PI-1653","/ALIAS2/s=Gen2_PCS.PI-1653"
"/ALIAS2/s=Gen2_PCS.PI-1671","/ALIAS2/s=Gen2_PCS.PI-1671"
"/ALIAS2/s=Gen2_PCS.PI-1672","/ALIAS2/s=Gen2_PCS.PI-1672"
"/ALIAS2/s=Gen2_PCS.PI-2103","/ALIAS2/s=Gen2_PCS.PI-2103"
"/ALIAS2/s=Gen2_PCS.PI-2110","/ALIAS2/s=Gen2_PCS.PI-2110"
"/ALIAS2/s=Gen2_PCS.PI-2112","/ALIAS2/s=Gen2_PCS.PI-2112"
"/ALIAS2/s=Gen2_PCS.PI-2115","/ALIAS2/s=Gen2_PCS.PI-2115"
"/ALIAS2/s=Gen2_PCS.PI-2118","/ALIAS2/s=Gen2_PCS.PI-2118"
"/ALIAS2/s=Gen2_PCS.PI-2126","/ALIAS2/s=Gen2_PCS.PI-2126"
"/ALIAS2/s=Gen2_PCS.PI-2201","/ALIAS2/s=Gen2_PCS.PI-2201"
"/ALIAS2/s=Gen2_PCS.PI-2204","/ALIAS2/s=Gen2_PCS.PI-2204"
"/ALIAS2/s=Gen2_PCS.PI-3308","/ALIAS2/s=Gen2_PCS.PI-3308"
"/ALIAS2/s=Gen2_PCS.PI-3310","/ALIAS2/s=Gen2_PCS.PI-3310"
"/ALIAS2/s=Gen2_PCS.PI-3321","/ALIAS2/s=Gen2_PCS.PI-3321"
"/ALIAS2/s=Gen2_PCS.PI-3333","/ALIAS2/s=Gen2_PCS.PI-3333"
"/ALIAS2/s=Gen2_PCS.PI-4303","/ALIAS2/s=Gen2_PCS.PI-4303"
"/ALIAS2/s=Gen2_PCS.PI-4335","/ALIAS2/s=Gen2_PCS.PI-4335"
"/ALIAS2/s=Gen2_PCS.PI-4336","/ALIAS2/s=Gen2_PCS.PI-4336"
"/ALIAS2/s=Gen2_PCS.PSL-2107A","/ALIAS2/s=Gen2_PCS.PSL-2107A"
"/ALIAS2/s=Gen2_PCS.PSL-2107B","/ALIAS2/s=Gen2_PCS.PSL-2107B"
"/ALIAS2/s=Gen2_PCS.PSL-2107C","/ALIAS2/s=Gen2_PCS.PSL-2107C"
"/ALIAS2/s=Gen2_PCS.PSL-4333A","/ALIAS2/s=Gen2_PCS.PSL-4333A"
"/ALIAS2/s=Gen2_PCS.PSL-4333B","/ALIAS2/s=Gen2_PCS.PSL-4333B"
"/ALIAS2/s=Gen2_PCS.PSL-4333C","/ALIAS2/s=Gen2_PCS.PSL-4333C"
"/ALIAS2/s=Gen2_PCS.SC-1622","/ALIAS2/s=Gen2_PCS.SC-1622"
"/ALIAS2/s=Gen2_PCS.""System.Time""","/ALIAS2/s=Gen2_PCS.""System.Time"""
"/ALIAS2/s=Gen2_PCS.TI-1115","/ALIAS2/s=Gen2_PCS.TI-1115"
"/ALIAS2/s=Gen2_PCS.TI-1118","/ALIAS2/s=Gen2_PCS.TI-1118"
"/ALIAS2/s=Gen2_PCS.TI-1121","/ALIAS2/s=Gen2_PCS.TI-1121"
"/ALIAS2/s=Gen2_PCS.TI-1215","/ALIAS2/s=Gen2_PCS.TI-1215"
"/ALIAS2/s=Gen2_PCS.TI-1234","/ALIAS2/s=Gen2_PCS.TI-1234"
"/ALIAS2/s=Gen2_PCS.TI-1415","/ALIAS2/s=Gen2_PCS.TI-1415"
"/ALIAS2/s=Gen2_PCS.TI-1469","/ALIAS2/s=Gen2_PCS.TI-1469"
"/ALIAS2/s=Gen2_PCS.TI-1506","/ALIAS2/s=Gen2_PCS.TI-1506"
"/ALIAS2/s=Gen2_PCS.TI-1513","/ALIAS2/s=Gen2_PCS.TI-1513"
"/ALIAS2/s=Gen2_PCS.TI-1649","/ALIAS2/s=Gen2_PCS.TI-1649"
"/ALIAS2/s=Gen2_PCS.TI-1650","/ALIAS2/s=Gen2_PCS.TI-1650"
"/ALIAS2/s=Gen2_PCS.TI-1651","/ALIAS2/s=Gen2_PCS.TI-1651"
"/ALIAS2/s=Gen2_PCS.TI-1654","/ALIAS2/s=Gen2_PCS.TI-1654"
"/ALIAS2/s=Gen2_PCS.TI-2101","/ALIAS2/s=Gen2_PCS.TI-2101"
"/ALIAS2/s=Gen2_PCS.TI-2105","/ALIAS2/s=Gen2_PCS.TI-2105"
"/ALIAS2/s=Gen2_PCS.TI-2107A","/ALIAS2/s=Gen2_PCS.TI-2107A"
"/ALIAS2/s=Gen2_PCS.TI-2107B","/ALIAS2/s=Gen2_PCS.TI-2107B"
"/ALIAS2/s=Gen2_PCS.TI-2107C","/ALIAS2/s=Gen2_PCS.TI-2107C"
"/ALIAS2/s=Gen2_PCS.TI-2109","/ALIAS2/s=Gen2_PCS.TI-2109"
"/ALIAS2/s=Gen2_PCS.TI-2111","/ALIAS2/s=Gen2_PCS.TI-2111"
"/ALIAS2/s=Gen2_PCS.TI-2113","/ALIAS2/s=Gen2_PCS.TI-2113"
"/ALIAS2/s=Gen2_PCS.TI-2114","/ALIAS2/s=Gen2_PCS.TI-2114"
"/ALIAS2/s=Gen2_PCS.TI-2119","/ALIAS2/s=Gen2_PCS.TI-2119"
"/ALIAS2/s=Gen2_PCS.TI-2120","/ALIAS2/s=Gen2_PCS.TI-2120"
"/ALIAS2/s=Gen2_PCS.TI-2229","/ALIAS2/s=Gen2_PCS.TI-2229"
"/ALIAS2/s=Gen2_PCS.TI-2230","/ALIAS2/s=Gen2_PCS.TI-2230"
"/ALIAS2/s=Gen2_PCS.TI-2513","/ALIAS2/s=Gen2_PCS.TI-2513"
"/ALIAS2/s=Gen2_PCS.TI-4201A","/ALIAS2/s=Gen2_PCS.TI-4201A"
"/ALIAS2/s=Gen2_PCS.TI-4201C","/ALIAS2/s=Gen2_PCS.TI-4201C"
"/ALIAS2/s=Gen2_PCS.TI-4201D","/ALIAS2/s=Gen2_PCS.TI-4201D"
"/ALIAS2/s=Gen2_PCS.TI-4201E","/ALIAS2/s=Gen2_PCS.TI-4201E"
"/ALIAS2/s=Gen2_PCS.TI-4201F","/ALIAS2/s=Gen2_PCS.TI-4201F"
"/ALIAS2/s=Gen2_PCS.TI-4201G","/ALIAS2/s=Gen2_PCS.TI-4201G"
"/ALIAS2/s=Gen2_PCS.TI-4211","/ALIAS2/s=Gen2_PCS.TI-4211"
"/ALIAS2/s=Gen2_PCS.TI-4211A","/ALIAS2/s=Gen2_PCS.TI-4211A"
"/ALIAS2/s=Gen2_PCS.TI-4212","/ALIAS2/s=Gen2_PCS.TI-4212"
"/ALIAS2/s=Gen2_PCS.TI-4212A","/ALIAS2/s=Gen2_PCS.TI-4212A"
"/ALIAS2/s=Gen2_PCS.TI-4212B","/ALIAS2/s=Gen2_PCS.TI-4212B"
"/ALIAS2/s=Gen2_PCS.TI-4301","/ALIAS2/s=Gen2_PCS.TI-4301"
"/ALIAS2/s=Gen2_PCS.TI-4302","/ALIAS2/s=Gen2_PCS.TI-4302"
"/ALIAS2/s=Gen2_PCS.TI-4304","/ALIAS2/s=Gen2_PCS.TI-4304"
"/ALIAS2/s=Gen2_PCS.TI-4308","/ALIAS2/s=Gen2_PCS.TI-4308"
"/ALIAS2/s=Gen2_PCS.TI-4309","/ALIAS2/s=Gen2_PCS.TI-4309"
"/ALIAS2/s=Gen2_PCS.TI-4312","/ALIAS2/s=Gen2_PCS.TI-4312"
"/ALIAS2/s=Gen2_PCS.TI-4314","/ALIAS2/s=Gen2_PCS.TI-4314"
"/ALIAS2/s=Gen2_PCS.TI-4315","/ALIAS2/s=Gen2_PCS.TI-4315"
"/ALIAS2/s=Gen2_PCS.TI-4316","/ALIAS2/s=Gen2_PCS.TI-4316"
"/ALIAS2/s=Gen2_PCS.TI-4317","/ALIAS2/s=Gen2_PCS.TI-4317"
"/ALIAS2/s=Gen2_PCS.TI-4318","/ALIAS2/s=Gen2_PCS.TI-4318"
"/ALIAS2/s=Gen2_PCS.TI-4319","/ALIAS2/s=Gen2_PCS.TI-4319"
"/ALIAS2/s=Gen2_PCS.TI-4320","/ALIAS2/s=Gen2_PCS.TI-4320"
"/ALIAS2/s=Gen2_PCS.TI-4322","/ALIAS2/s=Gen2_PCS.TI-4322"
"/ALIAS2/s=Gen2_PCS.TI-4323","/ALIAS2/s=Gen2_PCS.TI-4323"
"/ALIAS2/s=Gen2_PCS.TI-4324","/ALIAS2/s=Gen2_PCS.TI-4324"
"/ALIAS2/s=Gen2_PCS.TI-4325","/ALIAS2/s=Gen2_PCS.TI-4325"
"/ALIAS2/s=Gen2_PCS.TI-4326","/ALIAS2/s=Gen2_PCS.TI-4326"
"/ALIAS2/s=Gen2_PCS.TI-4327","/ALIAS2/s=Gen2_PCS.TI-4327"
"/ALIAS2/s=Gen2_PCS.TI-4328","/ALIAS2/s=Gen2_PCS.TI-4328"
"/ALIAS2/s=Gen2_PCS.TI-4329","/ALIAS2/s=Gen2_PCS.TI-4329"
"/ALIAS2/s=Gen2_PCS.TI-4330","/ALIAS2/s=Gen2_PCS.TI-4330"
"/ALIAS2/s=Gen2_PCS.TI-4331B","/ALIAS2/s=Gen2_PCS.TI-4331B"
"/ALIAS2/s=Gen2_PCS.TI-4331C","/ALIAS2/s=Gen2_PCS.TI-4331C"
"/ALIAS2/s=Gen2_PCS.TI-4331D","/ALIAS2/s=Gen2_PCS.TI-4331D"
"/ALIAS2/s=Gen2_PCS.TI-4333A","/ALIAS2/s=Gen2_PCS.TI-4333A"
"/ALIAS2/s=Gen2_PCS.TI-4333B","/ALIAS2/s=Gen2_PCS.TI-4333B"
"/ALIAS2/s=Gen2_PCS.TI-4333C","/ALIAS2/s=Gen2_PCS.TI-4333C"
"/ALIAS2/s=Gen2_PCS.TI-4335","/ALIAS2/s=Gen2_PCS.TI-4335"
"/ALIAS2/s=Gen2_PCS.TI-4336","/ALIAS2/s=Gen2_PCS.TI-4336"
"/ALIAS2/s=Gen2_PCS.TI-4337","/ALIAS2/s=Gen2_PCS.TI-4337"
"/ALIAS2/s=Gen2_PCS.TI-4338","/ALIAS2/s=Gen2_PCS.TI-4338"
"/ALIAS2/s=Gen2_PCS.TI-4519","/ALIAS2/s=Gen2_PCS.TI-4519"
"/ALIAS2/s=Gen2_PCS.TI-4552","/ALIAS2/s=Gen2_PCS.TI-4552"
"/ALIAS2/s=Gen2_PCS.XI-1622","/ALIAS2/s=Gen2_PCS.XI-1622"
"/ALIAS2/s=Gen2_PCS.XI-1643","/ALIAS2/s=Gen2_PCS.XI-1643"
"/ALIAS2/s=Gen2_PCS.XI-1656","/ALIAS2/s=Gen2_PCS.XI-1656"
"/ALIAS2/s=Gen2_PCS.XI-1660","/ALIAS2/s=Gen2_PCS.XI-1660"
"/ALIAS2/s=Gen2_PCS.XI-2111","/ALIAS2/s=Gen2_PCS.XI-2111"
"/ALIAS2/s=Gen2_PCS.XI-2150","/ALIAS2/s=Gen2_PCS.XI-2150"
"/ALIAS2/s=Gen2_PCS.XI-2211A","/ALIAS2/s=Gen2_PCS.XI-2211A"
"/ALIAS2/s=Gen2_PCS.XI-2211B","/ALIAS2/s=Gen2_PCS.XI-2211B"
"/ALIAS2/s=Gen2_PCS.XI-2211C","/ALIAS2/s=Gen2_PCS.XI-2211C"
"/ALIAS2/s=Gen2_PCS.XI-2211D","/ALIAS2/s=Gen2_PCS.XI-2211D"
"/ALIAS2/s=Gen2_PCS.XI-2211E","/ALIAS2/s=Gen2_PCS.XI-2211E"
"/ALIAS2/s=Gen2_PCS.XI-2211F","/ALIAS2/s=Gen2_PCS.XI-2211F"
"/ALIAS2/s=Gen2_PCS.XI-2211G","/ALIAS2/s=Gen2_PCS.XI-2211G"
"/ALIAS2/s=Gen2_PCS.XI-2211H","/ALIAS2/s=Gen2_PCS.XI-2211H"
"/ALIAS2/s=Gen2_PCS.XI-2211J","/ALIAS2/s=Gen2_PCS.XI-2211J"
"/ALIAS2/s=Gen2_PCS.XI-2211K","/ALIAS2/s=Gen2_PCS.XI-2211K"
"/ALIAS2/s=Gen2_PCS.XI-2400A","/ALIAS2/s=Gen2_PCS.XI-2400A"
"/ALIAS2/s=Gen2_PCS.XI-3320A","/ALIAS2/s=Gen2_PCS.XI-3320A"
"/ALIAS2/s=Gen2_PCS.XI-3320B","/ALIAS2/s=Gen2_PCS.XI-3320B"
"/ALIAS2/s=Gen2_PCS.XI-4201","/ALIAS2/s=Gen2_PCS.XI-4201"
"/ALIAS2/s=Gen2_PCS.XI-4211A","/ALIAS2/s=Gen2_PCS.XI-4211A"
"/ALIAS2/s=Gen2_PCS.XI-4211B","/ALIAS2/s=Gen2_PCS.XI-4211B"
"/ALIAS2/s=Gen2_PCS.XI-4211C","/ALIAS2/s=Gen2_PCS.XI-4211C"
"/ALIAS2/s=Gen2_PCS.XI-4211D","/ALIAS2/s=Gen2_PCS.XI-4211D"
"/ALIAS2/s=Gen2_PCS.XI-4212A","/ALIAS2/s=Gen2_PCS.XI-4212A"
"/ALIAS2/s=Gen2_PCS.XI-4212B","/ALIAS2/s=Gen2_PCS.XI-4212B"
"/ALIAS2/s=Gen2_PCS.XI-4212C","/ALIAS2/s=Gen2_PCS.XI-4212C"
"/ALIAS2/s=Gen2_PCS.XI-4212D","/ALIAS2/s=Gen2_PCS.XI-4212D"
"/ALIAS2/s=Gen2_PCS.XI-4212E","/ALIAS2/s=Gen2_PCS.XI-4212E"
"/ALIAS2/s=Gen2_PCS.XI-4212F","/ALIAS2/s=Gen2_PCS.XI-4212F"
"/ALIAS2/s=Gen2_PCS.XI-4212G","/ALIAS2/s=Gen2_PCS.XI-4212G"
"/ALIAS2/s=Gen2_PCS.XI-4340","/ALIAS2/s=Gen2_PCS.XI-4340"
"/ALIAS2/s=Gen2_PCS.XI-4341","/ALIAS2/s=Gen2_PCS.XI-4341"
"/ALIAS2/s=Gen2_PCS.XI-4342","/ALIAS2/s=Gen2_PCS.XI-4342"
"/ALIAS2/s=Gen2_PCS.XI-4343","/ALIAS2/s=Gen2_PCS.XI-4343"
"/ALIAS2/s=Gen2_PCS.XI-4515","/ALIAS2/s=Gen2_PCS.XI-4515"
"/ALIAS2/s=Gen2_PCS.XI-4550","/ALIAS2/s=Gen2_PCS.XI-4550"
"/ALIAS2/s=Gen2_PCS.XI-4811","/ALIAS2/s=Gen2_PCS.XI-4811"
"/ALIAS2/s=Gen2_PCS.XI-4813","/ALIAS2/s=Gen2_PCS.XI-4813"
"/ALIAS2/s=Gen2_PCS.XI-4910A","/ALIAS2/s=Gen2_PCS.XI-4910A"
"/ALIAS2/s=Gen2_PCS.XI-4910B","/ALIAS2/s=Gen2_PCS.XI-4910B"
"/ALIAS2/s=Gen2_PCS.XI-4910C","/ALIAS2/s=Gen2_PCS.XI-4910C"
"/ALIAS2/s=Gen2_PCS.XI-4910D","/ALIAS2/s=Gen2_PCS.XI-4910D"
"/ALIAS2/s=Gen2_PCS.XI-4910E","/ALIAS2/s=Gen2_PCS.XI-4910E"
"/ALIAS2/s=Gen2_PCS.XI-4910F","/ALIAS2/s=Gen2_PCS.XI-4910F"
"/ALIAS2/s=Gen2_PCS.XI-4910G","/ALIAS2/s=Gen2_PCS.XI-4910G"
"/ALIAS2/s=Gen2_PCS.XI-4930","/ALIAS2/s=Gen2_PCS.XI-4930"
"/ALIAS2/s=Gen2_PCS.XS-1622","/ALIAS2/s=Gen2_PCS.XS-1622"
"/ALIAS2/s=Gen2_PCS.XS-1642","/ALIAS2/s=Gen2_PCS.XS-1642"
"/ALIAS2/s=Gen2_PCS.XS-1656","/ALIAS2/s=Gen2_PCS.XS-1656"
"/ALIAS2/s=Gen2_PCS.XS-1660","/ALIAS2/s=Gen2_PCS.XS-1660"
"/ALIAS2/s=Gen2_PCS.XS-2111","/ALIAS2/s=Gen2_PCS.XS-2111"
"/ALIAS2/s=Gen2_PCS.XS-2150","/ALIAS2/s=Gen2_PCS.XS-2150"
"/ALIAS2/s=Gen2_PCS.XS-2211A","/ALIAS2/s=Gen2_PCS.XS-2211A"
"/ALIAS2/s=Gen2_PCS.XS-2421","/ALIAS2/s=Gen2_PCS.XS-2421"
"/ALIAS2/s=Gen2_PCS.XS-3320A","/ALIAS2/s=Gen2_PCS.XS-3320A"
"/ALIAS2/s=Gen2_PCS.XS-3320B","/ALIAS2/s=Gen2_PCS.XS-3320B"
"/ALIAS2/s=Gen2_PCS.XS-4201A","/ALIAS2/s=Gen2_PCS.XS-4201A"
"/ALIAS2/s=Gen2_PCS.XS-4201B","/ALIAS2/s=Gen2_PCS.XS-4201B"
"/ALIAS2/s=Gen2_PCS.XS-4201C","/ALIAS2/s=Gen2_PCS.XS-4201C"
"/ALIAS2/s=Gen2_PCS.XS-4201D","/ALIAS2/s=Gen2_PCS.XS-4201D"
"/ALIAS2/s=Gen2_PCS.XS-4201E","/ALIAS2/s=Gen2_PCS.XS-4201E"
"/ALIAS2/s=Gen2_PCS.XS-4211A","/ALIAS2/s=Gen2_PCS.XS-4211A"
"/ALIAS2/s=Gen2_PCS.XS-4212A","/ALIAS2/s=Gen2_PCS.XS-4212A"
"/ALIAS2/s=Gen2_PCS.XS-4212B","/ALIAS2/s=Gen2_PCS.XS-4212B"
"/ALIAS2/s=Gen2_PCS.XS-4344","/ALIAS2/s=Gen2_PCS.XS-4344"
"/ALIAS2/s=Gen2_PCS.XS-4345","/ALIAS2/s=Gen2_PCS.XS-4345"
"/ALIAS2/s=Gen2_PCS.XS-4515","/ALIAS2/s=Gen2_PCS.XS-4515"
"/ALIAS2/s=Gen2_PCS.XS-4550","/ALIAS2/s=Gen2_PCS.XS-4550"
"/ALIAS2/s=Gen2_PCS.XS-4810","/ALIAS2/s=Gen2_PCS.XS-4810"
"/ALIAS2/s=Gen2_PCS.XS-4812","/ALIAS2/s=Gen2_PCS.XS-4812"
"/ALIAS2/s=Gen2_PCS.XV-1113","/ALIAS2/s=Gen2_PCS.XV-1113"
"/ALIAS2/s=Gen2_PCS.XV-1116","/ALIAS2/s=Gen2_PCS.XV-1116"
"/ALIAS2/s=Gen2_PCS.XV-1213","/ALIAS2/s=Gen2_PCS.XV-1213"
"/ALIAS2/s=Gen2_PCS.XV-1413","/ALIAS2/s=Gen2_PCS.XV-1413"
"/ALIAS2/s=Gen2_PCS.XV-1416","/ALIAS2/s=Gen2_PCS.XV-1416"
"/ALIAS2/s=Gen2_PCS.XV-1430","/ALIAS2/s=Gen2_PCS.XV-1430"
"/ALIAS2/s=Gen2_PCS.XV-1436","/ALIAS2/s=Gen2_PCS.XV-1436"
"/ALIAS2/s=Gen2_PCS.XV-1437","/ALIAS2/s=Gen2_PCS.XV-1437"
"/ALIAS2/s=Gen2_PCS.XV-1439","/ALIAS2/s=Gen2_PCS.XV-1439"
"/ALIAS2/s=Gen2_PCS.XV-1444","/ALIAS2/s=Gen2_PCS.XV-1444"
"/ALIAS2/s=Gen2_PCS.XV-1452","/ALIAS2/s=Gen2_PCS.XV-1452"
"/ALIAS2/s=Gen2_PCS.XV-1453","/ALIAS2/s=Gen2_PCS.XV-1453"
"/ALIAS2/s=Gen2_PCS.XV-1464","/ALIAS2/s=Gen2_PCS.XV-1464"
"/ALIAS2/s=Gen2_PCS.XV-1469","/ALIAS2/s=Gen2_PCS.XV-1469"
"/ALIAS2/s=Gen2_PCS.XV-1473","/ALIAS2/s=Gen2_PCS.XV-1473"
"/ALIAS2/s=Gen2_PCS.XV-1481","/ALIAS2/s=Gen2_PCS.XV-1481"
"/ALIAS2/s=Gen2_PCS.XV-1485","/ALIAS2/s=Gen2_PCS.XV-1485"
"/ALIAS2/s=Gen2_PCS.XV-1511","/ALIAS2/s=Gen2_PCS.XV-1511"
"/ALIAS2/s=Gen2_PCS.XV-1515","/ALIAS2/s=Gen2_PCS.XV-1515"
"/ALIAS2/s=Gen2_PCS.XV-1521","/ALIAS2/s=Gen2_PCS.XV-1521"
"/ALIAS2/s=Gen2_PCS.XV-1566A","/ALIAS2/s=Gen2_PCS.XV-1566A"
"/ALIAS2/s=Gen2_PCS.XV-1575","/ALIAS2/s=Gen2_PCS.XV-1575"
"/ALIAS2/s=Gen2_PCS.XV-1581A","/ALIAS2/s=Gen2_PCS.XV-1581A"
"/ALIAS2/s=Gen2_PCS.XV-1613","/ALIAS2/s=Gen2_PCS.XV-1613"
"/ALIAS2/s=Gen2_PCS.XV-2103","/ALIAS2/s=Gen2_PCS.XV-2103"
"/ALIAS2/s=Gen2_PCS.XV-2104","/ALIAS2/s=Gen2_PCS.XV-2104"
"/ALIAS2/s=Gen2_PCS.XV-2116","/ALIAS2/s=Gen2_PCS.XV-2116"
"/ALIAS2/s=Gen2_PCS.XV-2150B","/ALIAS2/s=Gen2_PCS.XV-2150B"
"/ALIAS2/s=Gen2_PCS.XV-2201","/ALIAS2/s=Gen2_PCS.XV-2201"
"/ALIAS2/s=Gen2_PCS.XV-2202","/ALIAS2/s=Gen2_PCS.XV-2202"
"/ALIAS2/s=Gen2_PCS.XV-2204","/ALIAS2/s=Gen2_PCS.XV-2204"
"/ALIAS2/s=Gen2_PCS.XV-2209A","/ALIAS2/s=Gen2_PCS.XV-2209A"
"/ALIAS2/s=Gen2_PCS.XV-2209B","/ALIAS2/s=Gen2_PCS.XV-2209B"
"/ALIAS2/s=Gen2_PCS.XV-2210","/ALIAS2/s=Gen2_PCS.XV-2210"
"/ALIAS2/s=Gen2_PCS.XV-2216","/ALIAS2/s=Gen2_PCS.XV-2216"
"/ALIAS2/s=Gen2_PCS.XV-2219A","/ALIAS2/s=Gen2_PCS.XV-2219A"
"/ALIAS2/s=Gen2_PCS.XV-2219B","/ALIAS2/s=Gen2_PCS.XV-2219B"
"/ALIAS2/s=Gen2_PCS.XV-2232","/ALIAS2/s=Gen2_PCS.XV-2232"
"/ALIAS2/s=Gen2_PCS.XV-2510","/ALIAS2/s=Gen2_PCS.XV-2510"
"/ALIAS2/s=Gen2_PCS.XV-2511","/ALIAS2/s=Gen2_PCS.XV-2511"
"/ALIAS2/s=Gen2_PCS.XV-2512","/ALIAS2/s=Gen2_PCS.XV-2512"
"/ALIAS2/s=Gen2_PCS.XV-2516","/ALIAS2/s=Gen2_PCS.XV-2516"
"/ALIAS2/s=Gen2_PCS.XV-2521","/ALIAS2/s=Gen2_PCS.XV-2521"
"/ALIAS2/s=Gen2_PCS.XV-2530","/ALIAS2/s=Gen2_PCS.XV-2530"
"/ALIAS2/s=Gen2_PCS.XV-3306","/ALIAS2/s=Gen2_PCS.XV-3306"
"/ALIAS2/s=Gen2_PCS.XV-3312A","/ALIAS2/s=Gen2_PCS.XV-3312A"
"/ALIAS2/s=Gen2_PCS.XV-3316","/ALIAS2/s=Gen2_PCS.XV-3316"
"/ALIAS2/s=Gen2_PCS.XV-3322","/ALIAS2/s=Gen2_PCS.XV-3322"
"/ALIAS2/s=Gen2_PCS.XV-4313","/ALIAS2/s=Gen2_PCS.XV-4313"
"/ALIAS2/s=Gen2_PCS.XV-4502","/ALIAS2/s=Gen2_PCS.XV-4502"
"/ALIAS2/s=Gen2_PCS.XV-4503A","/ALIAS2/s=Gen2_PCS.XV-4503A"
"/ALIAS2/s=Gen2_PCS.XV-4503B","/ALIAS2/s=Gen2_PCS.XV-4503B"
"/ALIAS2/s=Gen2_PCS.XV-4510","/ALIAS2/s=Gen2_PCS.XV-4510"
"/ALIAS2/s=Gen2_PCS.XV-4553","/ALIAS2/s=Gen2_PCS.XV-4553"
"/ALIAS2/s=Gen2_PCS.XV-4556","/ALIAS2/s=Gen2_PCS.XV-4556"
"/ALIAS2/s=Gen2_PCS.XV-4557","/ALIAS2/s=Gen2_PCS.XV-4557"
"/ALIAS2/s=Gen2_PCS.XV-4558","/ALIAS2/s=Gen2_PCS.XV-4558"
"/ALIAS2/s=Gen2_PCS.XV-4559","/ALIAS2/s=Gen2_PCS.XV-4559"
"/ALIAS2/s=Gen2_PCS.XV-4560","/ALIAS2/s=Gen2_PCS.XV-4560"
"/ALIAS2/s=Gen2_PCS.YB-3101","/ALIAS2/s=Gen2_PCS.YB-3101"
"/ALIAS2/s=Gen2_PCS.ZIC-1113","/ALIAS2/s=Gen2_PCS.ZIC-1113"
"/ALIAS2/s=Gen2_PCS.ZIC-1116","/ALIAS2/s=Gen2_PCS.ZIC-1116"
"/ALIAS2/s=Gen2_PCS.ZIC-1213","/ALIAS2/s=Gen2_PCS.ZIC-1213"
"/ALIAS2/s=Gen2_PCS.ZIC-1216","/ALIAS2/s=Gen2_PCS.ZIC-1216"
"/ALIAS2/s=Gen2_PCS.ZIC-1413","/ALIAS2/s=Gen2_PCS.ZIC-1413"
"/ALIAS2/s=Gen2_PCS.ZIC-1416","/ALIAS2/s=Gen2_PCS.ZIC-1416"
"/ALIAS2/s=Gen2_PCS.ZIC-1430","/ALIAS2/s=Gen2_PCS.ZIC-1430"
"/ALIAS2/s=Gen2_PCS.ZIC-1436","/ALIAS2/s=Gen2_PCS.ZIC-1436"
"/ALIAS2/s=Gen2_PCS.ZIC-1437","/ALIAS2/s=Gen2_PCS.ZIC-1437"
"/ALIAS2/s=Gen2_PCS.ZIC-1439","/ALIAS2/s=Gen2_PCS.ZIC-1439"
"/ALIAS2/s=Gen2_PCS.ZIC-1444","/ALIAS2/s=Gen2_PCS.ZIC-1444"
"/ALIAS2/s=Gen2_PCS.ZIC-1452","/ALIAS2/s=Gen2_PCS.ZIC-1452"
"/ALIAS2/s=Gen2_PCS.ZIC-1453","/ALIAS2/s=Gen2_PCS.ZIC-1453"
"/ALIAS2/s=Gen2_PCS.ZIC-1464","/ALIAS2/s=Gen2_PCS.ZIC-1464"
"/ALIAS2/s=Gen2_PCS.ZIC-1469","/ALIAS2/s=Gen2_PCS.ZIC-1469"
"/ALIAS2/s=Gen2_PCS.ZIC-1473","/ALIAS2/s=Gen2_PCS.ZIC-1473"
"/ALIAS2/s=Gen2_PCS.ZIC-1481","/ALIAS2/s=Gen2_PCS.ZIC-1481"
"/ALIAS2/s=Gen2_PCS.ZIC-1485","/ALIAS2/s=Gen2_PCS.ZIC-1485"
"/ALIAS2/s=Gen2_PCS.ZIC-1511","/ALIAS2/s=Gen2_PCS.ZIC-1511"
"/ALIAS2/s=Gen2_PCS.ZIC-1515","/ALIAS2/s=Gen2_PCS.ZIC-1515"
"/ALIAS2/s=Gen2_PCS.ZIC-1521","/ALIAS2/s=Gen2_PCS.ZIC-1521"
"/ALIAS2/s=Gen2_PCS.ZIC-1575","/ALIAS2/s=Gen2_PCS.ZIC-1575"
"/ALIAS2/s=Gen2_PCS.ZIC-1613","/ALIAS2/s=Gen2_PCS.ZIC-1613"
"/ALIAS2/s=Gen2_PCS.ZIC-2103","/ALIAS2/s=Gen2_PCS.ZIC-2103"
"/ALIAS2/s=Gen2_PCS.ZIC-2104","/ALIAS2/s=Gen2_PCS.ZIC-2104"
"/ALIAS2/s=Gen2_PCS.ZIC-2116","/ALIAS2/s=Gen2_PCS.ZIC-2116"
"/ALIAS2/s=Gen2_PCS.ZIC-2150B","/ALIAS2/s=Gen2_PCS.ZIC-2150B"
"/ALIAS2/s=Gen2_PCS.ZIC-2201","/ALIAS2/s=Gen2_PCS.ZIC-2201"
"/ALIAS2/s=Gen2_PCS.ZIC-2202","/ALIAS2/s=Gen2_PCS.ZIC-2202"
"/ALIAS2/s=Gen2_PCS.ZIC-2204","/ALIAS2/s=Gen2_PCS.ZIC-2204"
"/ALIAS2/s=Gen2_PCS.ZIC-2210","/ALIAS2/s=Gen2_PCS.ZIC-2210"
"/ALIAS2/s=Gen2_PCS.ZIC-2216","/ALIAS2/s=Gen2_PCS.ZIC-2216"
"/ALIAS2/s=Gen2_PCS.ZIC-2219A","/ALIAS2/s=Gen2_PCS.ZIC-2219A"
"/ALIAS2/s=Gen2_PCS.ZIC-2219B","/ALIAS2/s=Gen2_PCS.ZIC-2219B"
"/ALIAS2/s=Gen2_PCS.ZIC-2232","/ALIAS2/s=Gen2_PCS.ZIC-2232"
"/ALIAS2/s=Gen2_PCS.ZIC-2510","/ALIAS2/s=Gen2_PCS.ZIC-2510"
"/ALIAS2/s=Gen2_PCS.ZIC-2511","/ALIAS2/s=Gen2_PCS.ZIC-2511"
"/ALIAS2/s=Gen2_PCS.ZIC-2512","/ALIAS2/s=Gen2_PCS.ZIC-2512"
"/ALIAS2/s=Gen2_PCS.ZIC-2516","/ALIAS2/s=Gen2_PCS.ZIC-2516"
"/ALIAS2/s=Gen2_PCS.ZIC-2521","/ALIAS2/s=Gen2_PCS.ZIC-2521"
"/ALIAS2/s=Gen2_PCS.ZIC-2530","/ALIAS2/s=Gen2_PCS.ZIC-2530"
"/ALIAS2/s=Gen2_PCS.ZIC-3306","/ALIAS2/s=Gen2_PCS.ZIC-3306"
"/ALIAS2/s=Gen2_PCS.ZIC-3316","/ALIAS2/s=Gen2_PCS.ZIC-3316"
"/ALIAS2/s=Gen2_PCS.ZIC-3322","/ALIAS2/s=Gen2_PCS.ZIC-3322"
"/ALIAS2/s=Gen2_PCS.ZIC-4313","/ALIAS2/s=Gen2_PCS.ZIC-4313"
"/ALIAS2/s=Gen2_PCS.ZIC-4502","/ALIAS2/s=Gen2_PCS.ZIC-4502"
"/ALIAS2/s=Gen2_PCS.ZIC-4503A","/ALIAS2/s=Gen2_PCS.ZIC-4503A"
"/ALIAS2/s=Gen2_PCS.ZIC-4503B","/ALIAS2/s=Gen2_PCS.ZIC-4503B"
"/ALIAS2/s=Gen2_PCS.ZIC-4510","/ALIAS2/s=Gen2_PCS.ZIC-4510"
"/ALIAS2/s=Gen2_PCS.ZIC-4553","/ALIAS2/s=Gen2_PCS.ZIC-4553"
"/ALIAS2/s=Gen2_PCS.ZIC-4556","/ALIAS2/s=Gen2_PCS.ZIC-4556"
"/ALIAS2/s=Gen2_PCS.ZIC-4557","/ALIAS2/s=Gen2_PCS.ZIC-4557"
"/ALIAS2/s=Gen2_PCS.ZIC-4558","/ALIAS2/s=Gen2_PCS.ZIC-4558"
"/ALIAS2/s=Gen2_PCS.ZIC-4559","/ALIAS2/s=Gen2_PCS.ZIC-4559"
"/ALIAS2/s=Gen2_PCS.ZIC-4560","/ALIAS2/s=Gen2_PCS.ZIC-4560"
"/ALIAS2/s=Gen2_PCS.ZIO-1113","/ALIAS2/s=Gen2_PCS.ZIO-1113"
"/ALIAS2/s=Gen2_PCS.ZIO-1116","/ALIAS2/s=Gen2_PCS.ZIO-1116"
"/ALIAS2/s=Gen2_PCS.ZIO-1213","/ALIAS2/s=Gen2_PCS.ZIO-1213"
"/ALIAS2/s=Gen2_PCS.ZIO-1216","/ALIAS2/s=Gen2_PCS.ZIO-1216"
"/ALIAS2/s=Gen2_PCS.ZIO-1413","/ALIAS2/s=Gen2_PCS.ZIO-1413"
"/ALIAS2/s=Gen2_PCS.ZIO-1416","/ALIAS2/s=Gen2_PCS.ZIO-1416"
"/ALIAS2/s=Gen2_PCS.ZIO-1430","/ALIAS2/s=Gen2_PCS.ZIO-1430"
"/ALIAS2/s=Gen2_PCS.ZIO-1436","/ALIAS2/s=Gen2_PCS.ZIO-1436"
"/ALIAS2/s=Gen2_PCS.ZIO-1437","/ALIAS2/s=Gen2_PCS.ZIO-1437"
"/ALIAS2/s=Gen2_PCS.ZIO-1439","/ALIAS2/s=Gen2_PCS.ZIO-1439"
"/ALIAS2/s=Gen2_PCS.ZIO-1444","/ALIAS2/s=Gen2_PCS.ZIO-1444"
"/ALIAS2/s=Gen2_PCS.ZIO-1452","/ALIAS2/s=Gen2_PCS.ZIO-1452"
"/ALIAS2/s=Gen2_PCS.ZIO-1453","/ALIAS2/s=Gen2_PCS.ZIO-1453"
"/ALIAS2/s=Gen2_PCS.ZIO-1464","/ALIAS2/s=Gen2_PCS.ZIO-1464"
"/ALIAS2/s=Gen2_PCS.ZIO-1469","/ALIAS2/s=Gen2_PCS.ZIO-1469"
"/ALIAS2/s=Gen2_PCS.ZIO-1473","/ALIAS2/s=Gen2_PCS.ZIO-1473"
"/ALIAS2/s=Gen2_PCS.ZIO-1481","/ALIAS2/s=Gen2_PCS.ZIO-1481"
"/ALIAS2/s=Gen2_PCS.ZIO-1485","/ALIAS2/s=Gen2_PCS.ZIO-1485"
"/ALIAS2/s=Gen2_PCS.ZIO-1511","/ALIAS2/s=Gen2_PCS.ZIO-1511"
"/ALIAS2/s=Gen2_PCS.ZIO-1515","/ALIAS2/s=Gen2_PCS.ZIO-1515"
"/ALIAS2/s=Gen2_PCS.ZIO-1521","/ALIAS2/s=Gen2_PCS.ZIO-1521"
"/ALIAS2/s=Gen2_PCS.ZIO-1575","/ALIAS2/s=Gen2_PCS.ZIO-1575"
"/ALIAS2/s=Gen2_PCS.ZIO-1613","/ALIAS2/s=Gen2_PCS.ZIO-1613"
"/ALIAS2/s=Gen2_PCS.ZIO-2103","/ALIAS2/s=Gen2_PCS.ZIO-2103"
"/ALIAS2/s=Gen2_PCS.ZIO-2104","/ALIAS2/s=Gen2_PCS.ZIO-2104"
"/ALIAS2/s=Gen2_PCS.ZIO-2116","/ALIAS2/s=Gen2_PCS.ZIO-2116"
"/ALIAS2/s=Gen2_PCS.ZIO-2150B","/ALIAS2/s=Gen2_PCS.ZIO-2150B"
"/ALIAS2/s=Gen2_PCS.ZIO-2201","/ALIAS2/s=Gen2_PCS.ZIO-2201"
"/ALIAS2/s=Gen2_PCS.ZIO-2202","/ALIAS2/s=Gen2_PCS.ZIO-2202"
"/ALIAS2/s=Gen2_PCS.ZIO-2204","/ALIAS2/s=Gen2_PCS.ZIO-2204"
"/ALIAS2/s=Gen2_PCS.ZIO-2210","/ALIAS2/s=Gen2_PCS.ZIO-2210"
"/ALIAS2/s=Gen2_PCS.ZIO-2216","/ALIAS2/s=Gen2_PCS.ZIO-2216"
"/ALIAS2/s=Gen2_PCS.ZIO-2219A","/ALIAS2/s=Gen2_PCS.ZIO-2219A"
"/ALIAS2/s=Gen2_PCS.ZIO-2219B","/ALIAS2/s=Gen2_PCS.ZIO-2219B"
"/ALIAS2/s=Gen2_PCS.ZIO-2232","/ALIAS2/s=Gen2_PCS.ZIO-2232"
"/ALIAS2/s=Gen2_PCS.ZIO-2510","/ALIAS2/s=Gen2_PCS.ZIO-2510"
"/ALIAS2/s=Gen2_PCS.ZIO-2511","/ALIAS2/s=Gen2_PCS.ZIO-2511"
"/ALIAS2/s=Gen2_PCS.ZIO-2512","/ALIAS2/s=Gen2_PCS.ZIO-2512"
"/ALIAS2/s=Gen2_PCS.ZIO-2516","/ALIAS2/s=Gen2_PCS.ZIO-2516"
"/ALIAS2/s=Gen2_PCS.ZIO-2521","/ALIAS2/s=Gen2_PCS.ZIO-2521"
"/ALIAS2/s=Gen2_PCS.ZIO-2530","/ALIAS2/s=Gen2_PCS.ZIO-2530"
"/ALIAS2/s=Gen2_PCS.ZIO-3306","/ALIAS2/s=Gen2_PCS.ZIO-3306"
"/ALIAS2/s=Gen2_PCS.ZIO-3316","/ALIAS2/s=Gen2_PCS.ZIO-3316"
"/ALIAS2/s=Gen2_PCS.ZIO-3322","/ALIAS2/s=Gen2_PCS.ZIO-3322"
"/ALIAS2/s=Gen2_PCS.ZIO-4313","/ALIAS2/s=Gen2_PCS.ZIO-4313"
"/ALIAS2/s=Gen2_PCS.ZIO-4502","/ALIAS2/s=Gen2_PCS.ZIO-4502"
"/ALIAS2/s=Gen2_PCS.ZIO-4503A","/ALIAS2/s=Gen2_PCS.ZIO-4503A"
"/ALIAS2/s=Gen2_PCS.ZIO-4503B","/ALIAS2/s=Gen2_PCS.ZIO-4503B"
"/ALIAS2/s=Gen2_PCS.ZIO-4510","/ALIAS2/s=Gen2_PCS.ZIO-4510"
"/ALIAS2/s=Gen2_PCS.ZIO-4553","/ALIAS2/s=Gen2_PCS.ZIO-4553"
"/ALIAS2/s=Gen2_PCS.ZIO-4556","/ALIAS2/s=Gen2_PCS.ZIO-4556"
"/ALIAS2/s=Gen2_PCS.ZIO-4557","/ALIAS2/s=Gen2_PCS.ZIO-4557"
"/ALIAS2/s=Gen2_PCS.ZIO-4558","/ALIAS2/s=Gen2_PCS.ZIO-4558"
"/ALIAS2/s=Gen2_PCS.ZIO-4559","/ALIAS2/s=Gen2_PCS.ZIO-4559"
"/ALIAS2/s=Gen2_PCS.ZIO-4560","/ALIAS2/s=Gen2_PCS.ZIO-4560"
"/ALIAS2/s=Gen2_PCS.ZSA-2211","/ALIAS2/s=Gen2_PCS.ZSA-2211"
